{
  "model_type": "PhoBERT_TF-IDF_Sentiwordnet",
  "experiment_type": "baseline",
  "timestamp": "20260317_143938",
  "selection_metric": "f1_macro",
  "selected_feature_set": "PhoBERT + TF-IDF + SentiWordNet",
  "selected_C": 0.1,
  "tfidf": {
    "max_features": 5000,
    "ngram_range": [
      1,
      2
    ],
    "min_df": 3,
    "max_df": 0.9,
    "sublinear_tf": true
  },
  "sentiwordnet_features": 35,
  "validation": {
    "accuracy": 0.9450410612760581,
    "f1_macro": 0.8604162113171476,
    "f1_weighted": 0.9440380243742467,
    "f1_neutral": 0.6666666666666666
  },
  "test": {
    "accuracy": 0.9276689829437776,
    "f1_macro": 0.8171090573127581,
    "f1_weighted": 0.9263177141461324,
    "f1_neutral": 0.5576923076923077
  }
}