{
  "Model": "PhoBERT_TF-IDF_E2E",
  "Accuracy": 0.9311433986102338,
  "F1_weighted": 0.9290749115267326,
  "Configuration": {
    "TFIDF_Max_Features": 5000,
    "Learning_Rate": 2e-05,
    "Batch_Size": 16,
    "Epochs_Trained": 4,
    "SMOTE": true
  },
  "Per_Class_F1": {
    "Negative": 0.9495091164095372,
    "Neutral": 0.5752508361204013,
    "Positive": 0.9481295190191764
  }
}