Model,Accuracy,F1 (weighted)
XGBoost,0.9311433986102338,0.9303599763816159
Late Fusion,0.9292482627921668,0.9281198717541103
Logistic Regression,0.9276689829437776,0.9270182688012862
