Model,Accuracy,F1 (weighted)
XGBoost,0.9298799747315224,0.9291918978689258
Late Fusion,0.9279848389134555,0.9270779202347722
Logistic Regression,0.9260897030953885,0.9254992967115502
