Model,Accuracy,F1 (weighted)
XGBoost,0.934301958307012,0.9335054468443277
Logistic Regression,0.9320909665192673,0.930967086980331
Late Fusion,0.930511686670878,0.9289097360835616
